2026-08-13 08:21:07,ishivtripathi,domain,smarture.cyou,#Lumma #infostealer,https://x.com/ishivtripathi/status/2087816707628994675
2026-08-13 08:21:07,ishivtripathi,url,http://smarture.cyou,#Lumma #infostealer,https://x.com/ishivtripathi/status/2087816707628994675
2026-08-13 08:21:07,ishivtripathi,url,http://futupath.cyou,#Lumma #infostealer,https://x.com/ishivtripathi/status/2087816707628994675
2026-08-13 08:21:07,ishivtripathi,domain,futupath.cyou,#Lumma #infostealer,https://x.com/ishivtripathi/status/2087816707628994675
2026-08-13 08:19:21,ishivtripathi,sha256,f1cb8444675f9a1e517ec3f81bc1344ff98223d25842eb3c72d75b455c9d1fe5,#infostealer #malware,https://x.com/ishivtripathi/status/2087816262298796136
2026-08-13 08:19:21,ishivtripathi,sha256,e1e3c99ed272e9b6c23c77976f49d220b4634bf8960f54acd5a33e82901eb789,#infostealer #malware,https://x.com/ishivtripathi/status/2087816262298796136
2026-08-13 08:19:21,ishivtripathi,sha256,b001177ca1d027b107321288b444848a9025ddc34f63508f95e39ea344b0936f,#infostealer #malware,https://x.com/ishivtripathi/status/2087816262298796136
2026-08-13 08:19:21,ishivtripathi,sha256,9ebdd9ebd7486caf3c80de10224fdb2dc0ca0c9c27b186e0ae35ca0c0057444f,#infostealer #malware,https://x.com/ishivtripathi/status/2087816262298796136
2026-08-13 08:19:21,ishivtripathi,sha256,95814ce45fa953600f89878d81d9169ef708ad8070f404576b1e0f882c76f538,#infostealer #malware,https://x.com/ishivtripathi/status/2087816262298796136
2026-08-13 08:19:21,ishivtripathi,sha256,82b3333a2742998141fef03601f65d3fd2d4461edf7d2dce81ea20094a63f2c1,#infostealer #malware,https://x.com/ishivtripathi/status/2087816262298796136
2026-08-13 08:19:21,ishivtripathi,sha256,69c7561fa1c73490eb47bc79f33d0c3bac3e2894f67a869cd93c1ec6ca400591,#infostealer #malware,https://x.com/ishivtripathi/status/2087816262298796136
2026-08-13 08:19:21,ishivtripathi,sha256,4b5c5b08a3562b923847d2fdc909d665feed737c772d0a61c96361fca1aaf853,#infostealer #malware,https://x.com/ishivtripathi/status/2087816262298796136
