2026-08-10 21:17:12,0xb1lal,domain,zzx.jcd666.vip,,https://x.com/0xb1lal/status/2086924852993073222
2026-08-10 21:17:12,0xb1lal,domain,yun.jcd666.vip,,https://x.com/0xb1lal/status/2086924852993073222
2026-08-10 21:17:12,0xb1lal,domain,you.pxb70.com,,https://x.com/0xb1lal/status/2086924852993073222
2026-08-10 21:17:12,0xb1lal,domain,yijieguoji.com,,https://x.com/0xb1lal/status/2086924852993073222
2026-08-10 21:17:12,0xb1lal,domain,uu.mahuacm.com,,https://x.com/0xb1lal/status/2086924852993073222
2026-08-10 21:17:12,0xb1lal,domain,tt.mahuacm.com,,https://x.com/0xb1lal/status/2086924852993073222
2026-08-10 21:17:12,0xb1lal,domain,trxu.pxb70.com,,https://x.com/0xb1lal/status/2086924852993073222
2026-08-10 21:17:12,0xb1lal,domain,trx.jcd666.vip,,https://x.com/0xb1lal/status/2086924852993073222
2026-08-10 21:17:12,0xb1lal,domain,trx.damaicn.cc,,https://x.com/0xb1lal/status/2086924852993073222
2026-08-10 21:17:12,0xb1lal,domain,tongcheng.jcd666.vip,,https://x.com/0xb1lal/status/2086924852993073222
2026-08-10 21:17:12,0xb1lal,domain,tk.pxb70.com,,https://x.com/0xb1lal/status/2086924852993073222
2026-08-10 21:17:12,0xb1lal,domain,sut.pxb70.com,,https://x.com/0xb1lal/status/2086924852993073222
2026-08-10 21:17:12,0xb1lal,domain,soft.yijieguoji.com,,https://x.com/0xb1lal/status/2086924852993073222
2026-08-10 21:17:12,0xb1lal,domain,slot.jcd666.vip,,https://x.com/0xb1lal/status/2086924852993073222
2026-08-10 21:17:12,0xb1lal,domain,serviceapi.damaicn.cc,,https://x.com/0xb1lal/status/2086924852993073222
2026-08-10 21:17:12,0xb1lal,domain,reward.pxb70.com,,https://x.com/0xb1lal/status/2086924852993073222
2026-08-10 21:17:12,0xb1lal,domain,qunaeer.com,,https://x.com/0xb1lal/status/2086924852993073222
2026-08-10 21:17:12,0xb1lal,domain,pxb70.com,,https://x.com/0xb1lal/status/2086924852993073222
2026-08-10 21:17:12,0xb1lal,domain,ppm.qunaeer.com,,https://x.com/0xb1lal/status/2086924852993073222
2026-08-10 21:17:12,0xb1lal,domain,pp.qunaeer.com,,https://x.com/0xb1lal/status/2086924852993073222
2026-08-10 21:17:12,0xb1lal,domain,pp.damaicn.cc,,https://x.com/0xb1lal/status/2086924852993073222
2026-08-10 21:17:12,0xb1lal,domain,opt.jcd666.vip,,https://x.com/0xb1lal/status/2086924852993073222
2026-08-10 21:17:12,0xb1lal,domain,oor.yijieguoji.com,,https://x.com/0xb1lal/status/2086924852993073222
2026-08-10 21:17:12,0xb1lal,domain,okxe.qunaeer.com,,https://x.com/0xb1lal/status/2086924852993073222
2026-08-10 21:17:12,0xb1lal,domain,okxd.qunaeer.com,,https://x.com/0xb1lal/status/2086924852993073222
2026-08-10 21:17:12,0xb1lal,domain,okxc.qunaeer.com,,https://x.com/0xb1lal/status/2086924852993073222
2026-08-10 21:17:12,0xb1lal,domain,okxb.yijieguoji.com,,https://x.com/0xb1lal/status/2086924852993073222
2026-08-10 21:17:12,0xb1lal,domain,okxa.qunaeer.com,,https://x.com/0xb1lal/status/2086924852993073222
2026-08-10 21:17:12,0xb1lal,domain,okx.yijieguoji.com,,https://x.com/0xb1lal/status/2086924852993073222
2026-08-10 21:17:12,0xb1lal,domain,okx.qunaeer.com,,https://x.com/0xb1lal/status/2086924852993073222
2026-08-10 21:17:12,0xb1lal,domain,okmm.damaicn.cc,,https://x.com/0xb1lal/status/2086924852993073222
2026-08-10 21:17:12,0xb1lal,domain,ofg.yijieguoji.com,,https://x.com/0xb1lal/status/2086924852993073222
2026-08-10 21:17:12,0xb1lal,domain,news.pxb70.com,,https://x.com/0xb1lal/status/2086924852993073222
2026-08-10 21:17:12,0xb1lal,domain,mxgfr.mahuacm.com,,https://x.com/0xb1lal/status/2086924852993073222
2026-08-10 21:17:12,0xb1lal,domain,mxg.mahuacm.com,,https://x.com/0xb1lal/status/2086924852993073222
2026-08-10 21:17:12,0xb1lal,domain,mv.qunaeer.com,,https://x.com/0xb1lal/status/2086924852993073222
2026-08-10 21:17:12,0xb1lal,domain,murvk.pxb70.com,,https://x.com/0xb1lal/status/2086924852993073222
2026-08-10 21:17:12,0xb1lal,domain,mne.jcd666.vip,,https://x.com/0xb1lal/status/2086924852993073222
2026-08-10 21:17:12,0xb1lal,domain,mmhe.mahuacm.com,,https://x.com/0xb1lal/status/2086924852993073222
2026-08-10 21:17:12,0xb1lal,domain,mklv.mahuacm.com,,https://x.com/0xb1lal/status/2086924852993073222
2026-08-10 21:17:12,0xb1lal,domain,mklove.damaicn.cc,,https://x.com/0xb1lal/status/2086924852993073222
2026-08-10 21:17:12,0xb1lal,domain,mh.pxb70.com,,https://x.com/0xb1lal/status/2086924852993073222
2026-08-10 21:17:12,0xb1lal,domain,m1.pxb70.com,,https://x.com/0xb1lal/status/2086924852993073222
2026-08-10 21:17:12,0xb1lal,domain,lookh5.jcd666.vip,,https://x.com/0xb1lal/status/2086924852993073222
2026-08-10 21:17:12,0xb1lal,domain,kkk.jcd666.vip,,https://x.com/0xb1lal/status/2086924852993073222
2026-08-10 21:17:12,0xb1lal,domain,kk.mahuacm.com,,https://x.com/0xb1lal/status/2086924852993073222
2026-08-10 21:17:12,0xb1lal,domain,kk.jcd666.vip,,https://x.com/0xb1lal/status/2086924852993073222
2026-08-10 21:17:12,0xb1lal,domain,jhk.mahuacm.com,,https://x.com/0xb1lal/status/2086924852993073222
2026-08-10 21:17:12,0xb1lal,domain,jcd666.vip,,https://x.com/0xb1lal/status/2086924852993073222
2026-08-10 21:17:12,0xb1lal,domain,iyu.jcd666.vip,,https://x.com/0xb1lal/status/2086924852993073222
2026-08-10 21:17:12,0xb1lal,url,http://zzx.jcd666.vip,,https://x.com/0xb1lal/status/2086924852993073222
2026-08-10 21:17:12,0xb1lal,url,http://yun.jcd666.vip,,https://x.com/0xb1lal/status/2086924852993073222
2026-08-10 21:17:12,0xb1lal,url,http://you.pxb70.com,,https://x.com/0xb1lal/status/2086924852993073222
2026-08-10 21:17:12,0xb1lal,url,http://yijieguoji.com,,https://x.com/0xb1lal/status/2086924852993073222
2026-08-10 21:17:12,0xb1lal,url,http://www.yijieguoji.com,,https://x.com/0xb1lal/status/2086924852993073222
2026-08-10 21:17:12,0xb1lal,url,http://www.qunaeer.com,,https://x.com/0xb1lal/status/2086924852993073222
2026-08-10 21:17:12,0xb1lal,url,http://www.pxb70.com,,https://x.com/0xb1lal/status/2086924852993073222
2026-08-10 21:17:12,0xb1lal,url,http://www.jcd666.vip,,https://x.com/0xb1lal/status/2086924852993073222
2026-08-10 21:17:12,0xb1lal,url,http://www.damaicn.cc,,https://x.com/0xb1lal/status/2086924852993073222
2026-08-10 21:17:12,0xb1lal,url,http://uu.mahuacm.com,,https://x.com/0xb1lal/status/2086924852993073222
2026-08-10 21:17:12,0xb1lal,url,http://tt.mahuacm.com,,https://x.com/0xb1lal/status/2086924852993073222
2026-08-10 21:17:12,0xb1lal,url,http://trxu.pxb70.com,,https://x.com/0xb1lal/status/2086924852993073222
2026-08-10 21:17:12,0xb1lal,url,http://trx.jcd666.vip,,https://x.com/0xb1lal/status/2086924852993073222
2026-08-10 21:17:12,0xb1lal,url,http://trx.damaicn.cc,,https://x.com/0xb1lal/status/2086924852993073222
2026-08-10 21:17:12,0xb1lal,url,http://tongcheng.jcd666.vip,,https://x.com/0xb1lal/status/2086924852993073222
2026-08-10 21:17:12,0xb1lal,url,http://tk.pxb70.com,,https://x.com/0xb1lal/status/2086924852993073222
2026-08-10 21:17:12,0xb1lal,url,http://sut.pxb70.com,,https://x.com/0xb1lal/status/2086924852993073222
2026-08-10 21:17:12,0xb1lal,url,http://soft.yijieguoji.com,,https://x.com/0xb1lal/status/2086924852993073222
2026-08-10 21:17:12,0xb1lal,url,http://slot.jcd666.vip,,https://x.com/0xb1lal/status/2086924852993073222
2026-08-10 21:17:12,0xb1lal,url,http://serviceapi.damaicn.cc,,https://x.com/0xb1lal/status/2086924852993073222
2026-08-10 21:17:12,0xb1lal,url,http://reward.pxb70.com,,https://x.com/0xb1lal/status/2086924852993073222
2026-08-10 21:17:12,0xb1lal,url,http://qunaeer.com,,https://x.com/0xb1lal/status/2086924852993073222
2026-08-10 21:17:12,0xb1lal,url,http://ppm.qunaeer.com,,https://x.com/0xb1lal/status/2086924852993073222
2026-08-10 21:17:12,0xb1lal,url,http://pp.qunaeer.com,,https://x.com/0xb1lal/status/2086924852993073222
2026-08-10 21:17:12,0xb1lal,url,http://pp.damaicn.cc,,https://x.com/0xb1lal/status/2086924852993073222
2026-08-10 21:17:12,0xb1lal,url,http://opt.jcd666.vip,,https://x.com/0xb1lal/status/2086924852993073222
2026-08-10 21:17:12,0xb1lal,url,http://oor.yijieguoji.com,,https://x.com/0xb1lal/status/2086924852993073222
2026-08-10 21:17:12,0xb1lal,url,http://okxe.qunaeer.com,,https://x.com/0xb1lal/status/2086924852993073222
2026-08-10 21:17:12,0xb1lal,url,http://okxd.qunaeer.com,,https://x.com/0xb1lal/status/2086924852993073222
2026-08-10 21:17:12,0xb1lal,url,http://okxc.qunaeer.com,,https://x.com/0xb1lal/status/2086924852993073222
2026-08-10 21:17:12,0xb1lal,url,http://okxb.yijieguoji.com,,https://x.com/0xb1lal/status/2086924852993073222
2026-08-10 21:17:12,0xb1lal,url,http://okxa.qunaeer.com,,https://x.com/0xb1lal/status/2086924852993073222
2026-08-10 21:17:12,0xb1lal,url,http://okx.yijieguoji.com,,https://x.com/0xb1lal/status/2086924852993073222
2026-08-10 21:17:12,0xb1lal,url,http://okx.qunaeer.com,,https://x.com/0xb1lal/status/2086924852993073222
2026-08-10 21:17:12,0xb1lal,url,http://okmm.damaicn.cc,,https://x.com/0xb1lal/status/2086924852993073222
2026-08-10 21:17:12,0xb1lal,url,http://ofg.yijieguoji.com,,https://x.com/0xb1lal/status/2086924852993073222
2026-08-10 21:17:12,0xb1lal,url,http://news.pxb70.com,,https://x.com/0xb1lal/status/2086924852993073222
2026-08-10 21:17:12,0xb1lal,url,http://mxgfr.mahuacm.com,,https://x.com/0xb1lal/status/2086924852993073222
2026-08-10 21:17:12,0xb1lal,url,http://mxg.mahuacm.com,,https://x.com/0xb1lal/status/2086924852993073222
2026-08-10 21:17:12,0xb1lal,url,http://mv.qunaeer.com,,https://x.com/0xb1lal/status/2086924852993073222
2026-08-10 21:17:12,0xb1lal,url,http://murvk.pxb70.com,,https://x.com/0xb1lal/status/2086924852993073222
2026-08-10 21:17:12,0xb1lal,url,http://mne.jcd666.vip,,https://x.com/0xb1lal/status/2086924852993073222
2026-08-10 21:17:12,0xb1lal,url,http://mmhe.mahuacm.com,,https://x.com/0xb1lal/status/2086924852993073222
2026-08-10 21:17:12,0xb1lal,url,http://mklv.mahuacm.com,,https://x.com/0xb1lal/status/2086924852993073222
2026-08-10 21:17:12,0xb1lal,url,http://mklove.damaicn.cc,,https://x.com/0xb1lal/status/2086924852993073222
2026-08-10 21:17:12,0xb1lal,url,http://mh.pxb70.com,,https://x.com/0xb1lal/status/2086924852993073222
2026-08-10 21:17:12,0xb1lal,url,http://m1.pxb70.com,,https://x.com/0xb1lal/status/2086924852993073222
2026-08-10 21:17:12,0xb1lal,url,http://lookh5.jcd666.vip,,https://x.com/0xb1lal/status/2086924852993073222
2026-08-10 21:17:12,0xb1lal,url,http://kkk.jcd666.vip,,https://x.com/0xb1lal/status/2086924852993073222
2026-08-10 21:17:12,0xb1lal,url,http://kk.mahuacm.com,,https://x.com/0xb1lal/status/2086924852993073222
2026-08-10 21:17:12,0xb1lal,url,http://kk.jcd666.vip,,https://x.com/0xb1lal/status/2086924852993073222
2026-08-10 21:17:12,0xb1lal,url,http://jhk.mahuacm.com,,https://x.com/0xb1lal/status/2086924852993073222
2026-08-10 21:17:12,0xb1lal,url,http://jcd666.vip,,https://x.com/0xb1lal/status/2086924852993073222
2026-08-10 21:17:12,0xb1lal,url,http://iyu.jcd666.vip,,https://x.com/0xb1lal/status/2086924852993073222
2026-08-10 21:17:12,0xb1lal,url,http://hewq.mahuacm.com,,https://x.com/0xb1lal/status/2086924852993073222
2026-08-10 21:17:12,0xb1lal,url,http://ghds.jcd666.vip,,https://x.com/0xb1lal/status/2086924852993073222
2026-08-10 21:17:12,0xb1lal,url,http://gg.qunaeer.com,,https://x.com/0xb1lal/status/2086924852993073222
2026-08-10 21:17:12,0xb1lal,url,http://gf.mahuacm.com,,https://x.com/0xb1lal/status/2086924852993073222
2026-08-10 21:17:12,0xb1lal,url,http://gaoshe.damaicn.cc,,https://x.com/0xb1lal/status/2086924852993073222
2026-08-10 21:17:12,0xb1lal,url,http://game.jcd666.vip,,https://x.com/0xb1lal/status/2086924852993073222
2026-08-10 21:17:12,0xb1lal,url,http://friend.qunaeer.com,,https://x.com/0xb1lal/status/2086924852993073222
2026-08-10 21:17:12,0xb1lal,url,http://friend.pxb70.com,,https://x.com/0xb1lal/status/2086924852993073222
2026-08-10 21:17:12,0xb1lal,url,http://fh.mahuacm.com,,https://x.com/0xb1lal/status/2086924852993073222
2026-08-10 21:17:12,0xb1lal,url,http://ff.yijieguoji.com,,https://x.com/0xb1lal/status/2086924852993073222
2026-08-10 21:17:12,0xb1lal,url,http://elvp.qunaeer.com,,https://x.com/0xb1lal/status/2086924852993073222
2026-08-10 21:17:12,0xb1lal,url,http://drf.damaicn.cc,,https://x.com/0xb1lal/status/2086924852993073222
2026-08-10 21:17:12,0xb1lal,url,http://damaicn.cc,,https://x.com/0xb1lal/status/2086924852993073222
2026-08-10 21:17:12,0xb1lal,url,http://cck.damaicn.cc,,https://x.com/0xb1lal/status/2086924852993073222
2026-08-10 21:17:12,0xb1lal,url,http://card.pxb70.com,,https://x.com/0xb1lal/status/2086924852993073222
2026-08-10 21:17:12,0xb1lal,url,http://asww.mahuacm.com,,https://x.com/0xb1lal/status/2086924852993073222
2026-08-10 21:17:12,0xb1lal,url,http://6777new76.damaicn.cc,,https://x.com/0xb1lal/status/2086924852993073222
2026-08-10 21:17:12,0xb1lal,url,http://3x.damaicn.cc,,https://x.com/0xb1lal/status/2086924852993073222
2026-08-10 21:17:12,0xb1lal,domain,hewq.mahuacm.com,,https://x.com/0xb1lal/status/2086924852993073222
2026-08-10 21:17:12,0xb1lal,domain,ghds.jcd666.vip,,https://x.com/0xb1lal/status/2086924852993073222
2026-08-10 21:17:12,0xb1lal,domain,gg.qunaeer.com,,https://x.com/0xb1lal/status/2086924852993073222
2026-08-10 21:17:12,0xb1lal,domain,gf.mahuacm.com,,https://x.com/0xb1lal/status/2086924852993073222
2026-08-10 21:17:12,0xb1lal,domain,gaoshe.damaicn.cc,,https://x.com/0xb1lal/status/2086924852993073222
2026-08-10 21:17:12,0xb1lal,domain,game.jcd666.vip,,https://x.com/0xb1lal/status/2086924852993073222
2026-08-10 21:17:12,0xb1lal,domain,friend.qunaeer.com,,https://x.com/0xb1lal/status/2086924852993073222
2026-08-10 21:17:12,0xb1lal,domain,friend.pxb70.com,,https://x.com/0xb1lal/status/2086924852993073222
2026-08-10 21:17:12,0xb1lal,domain,fh.mahuacm.com,,https://x.com/0xb1lal/status/2086924852993073222
2026-08-10 21:17:12,0xb1lal,domain,ff.yijieguoji.com,,https://x.com/0xb1lal/status/2086924852993073222
2026-08-10 21:17:12,0xb1lal,domain,elvp.qunaeer.com,,https://x.com/0xb1lal/status/2086924852993073222
2026-08-10 21:17:12,0xb1lal,domain,drf.damaicn.cc,,https://x.com/0xb1lal/status/2086924852993073222
2026-08-10 21:17:12,0xb1lal,domain,damaicn.cc,,https://x.com/0xb1lal/status/2086924852993073222
2026-08-10 21:17:12,0xb1lal,domain,cck.damaicn.cc,,https://x.com/0xb1lal/status/2086924852993073222
2026-08-10 21:17:12,0xb1lal,domain,card.pxb70.com,,https://x.com/0xb1lal/status/2086924852993073222
2026-08-10 21:17:12,0xb1lal,domain,asww.mahuacm.com,,https://x.com/0xb1lal/status/2086924852993073222
2026-08-10 21:17:12,0xb1lal,domain,6777new76.damaicn.cc,,https://x.com/0xb1lal/status/2086924852993073222
2026-08-10 21:17:12,0xb1lal,domain,3x.damaicn.cc,,https://x.com/0xb1lal/status/2086924852993073222
