2026-09-20 00:59:29,TKemmerling,domain,oskatrace.com,#phishing,https://x.com/TKemmerling/status/2101476304042537188
2026-09-20 00:59:29,TKemmerling,url,http://oskatrace.com,#phishing,https://x.com/TKemmerling/status/2101476304042537188
2026-09-19 07:06:38,TKemmerling,domain,oskatrace.com,#phishing,https://x.com/TKemmerling/status/2101206314093523322
2026-09-19 07:06:38,TKemmerling,url,http://oskatrace.com,#phishing,https://x.com/TKemmerling/status/2101206314093523322
2026-09-15 06:26:27,TKemmerling,domain,sa.oskatrace.com,#phishing,https://x.com/TKemmerling/status/2099746648268358064
2026-09-15 06:26:27,TKemmerling,url,http://sa.oskatrace.com,#phishing,https://x.com/TKemmerling/status/2099746648268358064
2026-09-14 07:18:45,TKemmerling,domain,sa.oskatrace.com,#phishing,https://x.com/TKemmerling/status/2099397423605174420
2026-09-14 07:18:45,TKemmerling,url,http://sa.oskatrace.com,#phishing,https://x.com/TKemmerling/status/2099397423605174420
2026-09-09 01:00:31,TKemmerling,domain,oskatrace.com,#phishing,https://x.com/TKemmerling/status/2097490297483931809
2026-09-09 01:00:31,TKemmerling,url,http://oskatrace.com,#phishing,https://x.com/TKemmerling/status/2097490297483931809
