2026-08-10 02:08:15,skocherhan,domain,tmallsinger.com,#phishing,https://x.com/skocherhan/status/2086635708375028154
2026-08-10 02:08:15,skocherhan,domain,tmallhappiness.com,#phishing,https://x.com/skocherhan/status/2086635708375028154
2026-08-10 02:08:15,skocherhan,domain,tmallartist.com,#phishing,https://x.com/skocherhan/status/2086635708375028154
2026-08-10 02:08:15,skocherhan,url,http://tmallsinger.com,#phishing,https://x.com/skocherhan/status/2086635708375028154
2026-08-10 02:08:15,skocherhan,url,http://tmallhappiness.com,#phishing,https://x.com/skocherhan/status/2086635708375028154
2026-08-10 02:08:15,skocherhan,url,http://tmallartist.com,#phishing,https://x.com/skocherhan/status/2086635708375028154
2026-08-08 21:14:54,skocherhan,domain,tmallstarlight.com,#phishing,https://x.com/skocherhan/status/2086199495507730922
2026-08-08 21:14:54,skocherhan,domain,tmallserene.com,#phishing,https://x.com/skocherhan/status/2086199495507730922
2026-08-08 21:14:54,skocherhan,domain,tmallpleasure.com,#phishing,https://x.com/skocherhan/status/2086199495507730922
2026-08-08 21:14:54,skocherhan,domain,tmallplanet.com,#phishing,https://x.com/skocherhan/status/2086199495507730922
2026-08-08 21:14:54,skocherhan,domain,tmallnetwork.com,#phishing,https://x.com/skocherhan/status/2086199495507730922
2026-08-08 21:14:54,skocherhan,domain,tmallbounty.com,#phishing,https://x.com/skocherhan/status/2086199495507730922
2026-08-08 21:14:54,skocherhan,url,http://tmallstarlight.com,#phishing,https://x.com/skocherhan/status/2086199495507730922
2026-08-08 21:14:54,skocherhan,url,http://tmallserene.com,#phishing,https://x.com/skocherhan/status/2086199495507730922
2026-08-08 21:14:54,skocherhan,url,http://tmallpleasure.com,#phishing,https://x.com/skocherhan/status/2086199495507730922
2026-08-08 21:14:54,skocherhan,url,http://tmallplanet.com,#phishing,https://x.com/skocherhan/status/2086199495507730922
2026-08-08 21:14:54,skocherhan,url,http://tmallnetwork.com,#phishing,https://x.com/skocherhan/status/2086199495507730922
2026-08-08 21:14:54,skocherhan,url,http://tmallbounty.com,#phishing,https://x.com/skocherhan/status/2086199495507730922
2026-08-08 12:37:00,harugasumi,domain,tmallpeaceful.com,#phishing,https://x.com/harugasumi/status/2086069278303027634
2026-08-08 12:37:00,harugasumi,url,https://tmallpeaceful.com/page/xvfhptkuqu,#phishing,https://x.com/harugasumi/status/2086069278303027634
