2026-10-03 01:53:17,TKemmerling,url,http://harborstonegroup.shop,#phishing,https://x.com/TKemmerling/status/2106200887240859805
2026-10-03 01:53:17,TKemmerling,domain,harborstonegroup.shop,#phishing,https://x.com/TKemmerling/status/2106200887240859805
2026-09-29 15:46:47,TKemmerling,url,http://harborstonegroup.shop,#phishing,https://x.com/TKemmerling/status/2104961092757987331
2026-09-29 15:46:47,TKemmerling,domain,harborstonegroup.shop,#phishing,https://x.com/TKemmerling/status/2104961092757987331
2026-09-22 11:50:26,TKemmerling,url,http://harborstonegroup.shop,#phishing,https://x.com/TKemmerling/status/2102364899058057621
2026-09-22 11:50:26,TKemmerling,domain,harborstonegroup.shop,#phishing,https://x.com/TKemmerling/status/2102364899058057621
2026-09-18 16:30:52,TKemmerling,url,http://harborstonegroup.shop,#phishing,https://x.com/TKemmerling/status/2100985919289639319
2026-09-18 16:30:52,TKemmerling,domain,harborstonegroup.shop,#phishing,https://x.com/TKemmerling/status/2100985919289639319
2026-09-09 07:15:27,TKemmerling,url,http://harborstonegroup.shop,#phishing,https://x.com/TKemmerling/status/2097584656225071161
2026-09-09 07:15:27,TKemmerling,domain,harborstonegroup.shop,#phishing,https://x.com/TKemmerling/status/2097584656225071161
